,Song Name,Clust
0,Mask Off,6
1,Redbone,3
2,Xanny Family,6
3,Master Of None,6
4,Parallel Lines,7
5,Sneakinâ€™,0
6,Childs Play,1
7,GyÃ¶ngyhajÃº lÃ¡ny,3
8,I've Seen Footage,6
9,Digital Animal,1
10,Subways - In Flagranti Extended Edit,3
11,Donme Dolap - Baris K Edit,3
12,Cemalim,3
13,One Night,1
14,Oh lala,0
15,Char,6
16,World In Motion,0
17,One Nation Under a Groove,7
18,Bouncin,6
19,C O O L - Radio Edit,1
20,Percolator (Jamie Jones Vault Mix) - mixed,0
21,House of Jealous Lovers,3
22,Imma Ride,0
23,Girlfriend,5
24,If I Gave You My Love,6
25,This Ready Flesh,6
26,Lose My Mind,6
27,Char,6
28,Look Alive,1
29,Please Stop Making Fake Versace,6
30,Milly Rock,1
31,BlasÃ© (feat. Future & Rae Sremmurd),0
32,Best Friend,1
33,Hercules,0
34,Who Be Lovin Me (feat. ILOVEMAKONNEN),1
35,Check,1
36,Poppin' My Collar,6
37,Jumpman,6
38,11-Jul,1
39,Somebody's Watching Me,1
40,Bang That,3
41,I Don't Sell Molly No More,6
42,Versace Python,6
43,Monster,7
44,OOOUUU,1
45,Return Of The Mack - C & J Street Mix,1
46,Fantastic Man,7
47,Right Place Wrong Time,6
48,Azon de ma gnin kpevi,0
49,Odofo Nyi Akyiri Biara,2
50,Annie,1
51,The Chase,1
52,Coming Home,1
53,Wishes,0
54,White Iverson,0
55,I Know There's Gonna Be (Good Times),1
56,Loud Places,0
57,L$D,1
58,Dopeman,5
59,California Nights,3
60,Baby,0
61,Ain't No Love In The Heart Of The City - Single Version,1
62,Fail to Cry,3
63,Evil Friends (feat. Danny Brown) - Jake One Remix,1
64,Ikimiz Bir Fidaniz - Baris K Edit,1
65,Sentimental Trash,6
66,Get Away,0
67,Look At Wrist,1
68,Our Love,3
69,I Ain't Trippin off Nothin,5
70,They Don't Know - Original Mix,3
71,Sabali,6
72,Spooky,5
73,Pick Up The Pieces,1
74,Have Love Will Travel,5
75,Capitol,3
76,Uncast Shadow Of A Southern Myth,7
77,I Shall Be Released - Remastered,1
78,Words I Don't Remember,7
79,To The Top,6
80,Them Changes (feat. Flying Lotus & Kamasi Washington),6
81,Aquafina (feat. GoldLink & Chaz French),1
82,Hot Blur,6
83,Summer Madness,0
84,The Payback,7
85,I'm In Love,0
86,I Need You Tonight,7
87,Everybody Likes Something Good,6
88,Dadje Von O Von Non,1
89,Sugah Daddy,3
90,International Players Anthem,3
91,Swerve,0
92,Look At Wrist,1
93,Let It Happen,7
94,My Way (feat. Monty),1
95,Walk,1
96,The Magnificent Seven - Remastered,3
97,NOBO,0
98,The Gaudy Side of Town,7
99,U Mad,3
100,Slumlord,3
101,Leave A Trace,1
102,Willing & Able,3
103,White Girl,1
104,Maneuvering,1
105,Be My Baby,5
106,Why Don't They Let Us Fall in Love,5
107,Will You Love Me Tomorrow,5
108,One Fine Day,5
109,He's So Fine - 2000 Digital Remaster,5
110,Then He Kissed Me,5
111,It's My Party,5
112,Please Mr. Postman,5
113,Fiesta - Remix,6
114,Queen's Speech 4,6
115,I Know There's Gonna Be (Good Times),1
116,With That (feat. Duke),6
117,Hotline Bling,0
118,679 (feat. Remy Boyz),6
119,Trap Queen,1
120,No Type,6
121,Chasing Heaven,3
122,Speakerbox (feat. Lafa Taylor),0
123,Movin' Bass - GTA Remix,0
124,Danger and Dread,1
125,Midnight City,1
126,Water No Get Enemy - Edit,2
127,Pyramids,2
128,Hercules Theme,0
129,Rewind,1
130,My Sub (Pt. 2: The Jackin') - Album Version (Edited),0
131,Kush,1
132,9,0
133,Magnets,6
134,Don't Move,0
135,Pussy,0
136,Black Mags,6
137,Stay Fly - Explicit Album Version,1
138,Sippin On Some Syrup,0
139,Poppin' My Collar - feat. Project Pat - Explicit,6
140,Sittin' Sidewayz - feat. Big Pokey Explicit,1
141,Gold and a Pager,1
142,Smell Yo D*ck,1
143,Don'Â€Â™t Wanna Lose,5
144,Endless Rhythm,6
145,Demon,1
146,Nothing Ever Happened,3
147,Oh My Darling Don't Meow (Just Blaze Remix),1
148,River,0
149,The Buzz (feat. Mataya & Young Tapz),1
150,All Day,3
151,Blood On the Money,0
152,River,1
153,Trust Me Danny,0
154,Big Rings,1
155,Annie,1
156,Acamar,2
157,Alright,1
158,Know Yourself,0
159,Deicide,3
160,Coming Home,6
161,Hercules Theme 2014,6
162,Forever,0
163,Next to You,0
164,Papi Pacify,3
165,Magnolia,1
166,Dark Matter,1
167,Callie (feat. Vic Mensa),6
168,Wu-Tang Forever,1
169,Fame (2007 Remastered),0
170,We Dem Boyz,1
171,Ego Free Sex Free,1
172,Her Fantasy,7
173,Little People (Black City),2
174,Confess To Me,0
175,Let Me Show You Love,3
176,New Slaves,0
177,Sexy Socialite,3
178,Okay,0
179,Weight,1
180,When A Fire Starts To Burn,0
181,When A Fire Starts To Burn - Midland Remix,3
182,Fake Tales Of San Francisco,6
183,Billie Holiday,7
184,Goody Two Shoes,0
185,The Wire,0
186,Awake,0
187,Man I Need,1
188,N.O. Bounce,0
189,Now Is Not The Time,1
190,No Rest For The Wicked,1
191,Holdin On,5
192,Rocking Chair,1
193,Marriage,0
194,Ride On / Right On,1
195,GodLovesUgly,1
196,New York City,6
197,Moving to the Left,3
198,All These Things That I've Done,3
199,Junk of the Heart (Happy),6
200,When The Night Falls - feat. Solange Knowles,1
201,Mercy,3
202,Don't You Evah,1
203,We Exist,3
204,Le Goudron (Edit),1
205,Double Bubble Trouble,6
206,Careless,7
207,Look at You,0
208,How Did I Get Here,5
209,Black Out Days,1
210,Bang! Bang!,0
211,Every 1's A Winner - Single Version,0
212,Unbound,6
213,Operate,1
214,Blood On The Leaves,3
215,Come Save Me,3
216,Hannah Montana,1
217,High School Lover,1
218,They Come in Gold,6
219,Tides of Neptune,1
220,Cocaine Model,0
221,Light House,0
222,Pass The Dutchie,6
223,Words I Don't Remember,7
224,I Would Die 4 U,6
225,Bless My Soul,3
226,Heaven And Hell Is On Earth,3
227,Upper Echelon,1
228,Flying High (Part 1),7
229,Go,1
230,Spill The Wine,1
231,Got To Give It Up (Part 1),0
232,Never Gonna Give You Up,0
233,Sanctified,0
234,It #1,5
235,Dangerous (feat. Joywave),0
236,Counting,1
237,You're the Best,6
238,Estrelar,3
239,Hold On We're Going Home,6
240,Uncle ACE,0
241,San Francisco,1
242,Stay High - Habits Remix,0
243,Crosstown Traffic,5
244,Ziggy Starfish (Anxiety Raps) [feat. Gold Panda],6
245,Marijuana,6
246,Crown Violet - Bonus Track,6
247,Glad I Met You,6
248,Dancing In The Rain,0
249,You Know I'm No Good - Ghostface UK Version,6
250,Kill V. Maim,0
251,Life Round Here,1
252,Sitting Pretty (feat. Wiz Khalifa),6
253,"Glyde 2nyte (feat. Leon Sylvers III, Leon Sylvers IV)",3
254,Clouds Over the Pacific,1
255,Distant Land,1
256,Flashlight,0
257,Can You Get To That,6
258,Better,6
259,Pony,1
260,WTF (Where They From) [feat. Pharrell Williams],6
261,Again,3
262,Exchange,6
263,Sugar for the Queen,1
264,Symphony of the Nymph,0
265,Cool It Now,3
266,Jumpin' Jack Flash,1
267,River,0
268,You Know You Like It - Bondax Remix,6
269,Batuque (Jeremy Sole & Atropolis Remix),1
270,Mykonos (feat. Fleet Foxes),0
271,So Destroyed (channeling Rage Peace),5
272,Bitch,6
273,Locket,6
274,Apathy,3
275,It All Feels Right,0
276,Last Chance to Dance,1
277,The Righteous One,1
278,The New International Sound,0
279,Like Lust,0
280,Rhythm of Devotion,3
281,Zion Gate Dub,6
282,Enjoy The Silence - Remastered Version Original,0
283,Fried Neck Bones And Some Home Fries - Dan The Automator Remix,0
284,Archangel,1
285,"Lone Wolf and Cub (feat. Herbie Hancock, Flying Lotus, Miguel Atwood-Ferguson & Mono/poly)",3
286,Skyscraper,6
287,I Want You - Single Version,1
288,"The New International Sound, Pt. 2 (feat. M.I.A.)",1
289,Suede (feat. Anderson Paak & Knxwledge),6
290,Bam Bam,6
291,Alright,1
292,Rainy Streets,5
293,Hazelton Trump,6
294,Free Stress Test,0
295,I'm Ya Dogg,0
296,Hot Dreams,3
297,The Hills,1
298,"When They Fight, They Fight",6
299,The River,0
300,Rill Rill,1
301,Awake,7
302,Johnny Was,1
303,Monster Mash,6
304,Night on Bald Mountain,2
305,Feel The Volume,1
306,Water Me (feat. Leon Ware),3
307,Kathy Lee,0
308,Love Buzz,1
309,Beautiful Life (feat. Action Bronson & Joey Bada$$),6
310,Auditorium,0
311,Disco Devil,7
312,Frontier Psychiatrist,0
313,Had Ten Dollaz,0
314,Sometimes,1
315,VHS Sex,0
316,Ambling Alp,1
317,All Day And All Of The Night,5
318,Strychnine,5
319,Who Is He (And What Is He to You?),6
320,Acamar,1
321,It Looks Like Love,7
322,Freak Connection - Edit,1
323,"I'll Be Good - 12"" Mix",7
324,Here I Come (Broader Than Broadway),1
325,Swords,5
326,Hands On The Wheel,6
327,Kush High,6
328,MÃ©tele,0
329,What I Might Do,6
330,Atomic Bomb,7
331,World Restart,0
332,Swingin' Party,1
333,Antidote,0
334,Pieces,1
335,Zombie,4
336,Time-Out,5
337,Let's Lovedance Tonight - Danny Krivit Re-edit - Dk Re-Edit,3
338,I'm a Dildo,5
339,Do It (High School Dropout),1
340,Cadillac Girl,1
341,Today,6
342,"The Buzz (feat. Big K.R.I.T., Mataya & Young Tapz) - Bonus Track",1
343,I Choose You,1
344,The Way Youâ€™d Love Her,5
345,Shooting Stars,1
346,Bloom - Lane 8 Remix,3
347,Pacifier,1
348,Powerful,6
349,Unbreakable,1
350,It's Strange (feat. K.Flay),0
351,Make Them Gold,1
352,Don't Mean A Thing,3
353,White Lies - The Soundmen Remix,1
354,Sophia So Far,0
355,Nimble Girl,0
356,Grinder,6
357,Choices (Yup),0
358,Two Brothers,3
359,Walkabout (W/ Noah Lennox),1
360,Ferus Gallery,1
361,Everybody Loves The Sunshine,1
362,Number One,0
363,Sick Beat,6
364,She a Go (feat. Spinn & Taso),1
365,Lost You,1
366,Norf Norf,6
367,Eleven 11: / 11,1
368,Buffalo,6
369,Talk About,1
370,Probably Nu It,5
371,Mamacita,0
372,Star,0
373,Gooey,0
374,Walk On By - Single Version,0
375,Omen - Radio Edit,6
376,Champagne Coast,3
377,Running Back To You,7
378,BKNY,0
379,Pains,6
380,Night Drive,1
381,"Flex (Ooh, Ooh, Ooh)",6
382,Indian Food,1
383,Childs Play (feat. Chance the Rapper),1
384,Lets Start the Dance,3
385,Rollerskate,7
386,Outro,0
387,Grindinâ€™ My Whole Life,3
388,Slyd,0
389,The Moment,0
390,R.I.C.O. (feat. Drake),6
391,Black And White,6
392,Never Never Gonna Give Ya Up,3
393,Wait & See,1
394,Wait for a Minute,1
395,5ft7,6
396,200 Press,7
397,Huarache Lights,3
398,Leave House,3
399,"Sweet Power, Your Embrace",3
400,Hunger Of The Pine,3
401,Money Money,5
402,Symptom - Original Mix,1
403,I'll Do a Little Bit More,5
404,Who Is He And What Is He To You,4
405,Bustin' Loose,7
406,I Wish,0
407,Baby,0
408,More Bounce To The Ounce,3
409,Outlaw,3
410,Walking Into Sunshine,7
411,Pyramids,2
412,Lazuli,3
413,Oblivion,0
414,Obedear,1
415,Flutes,7
416,Club Rez,3
417,Cry Like A Ghost,0
418,Chained,6
419,Disparate Youth,0
420,Cheap Beer,5
421,Swimming Pools (Drank) - Extended Version,3
422,Origins,1
423,Affection,5
424,Comeback Kid,6
425,Losing You,0
426,Grown Up,5
427,"It's Not My Fault, I'm Happy",3
428,How Deep Is Your Love?,7
429,Are you... Can you... Were you? (Felt),0
430,Second Song,0
431,Mornin',5
432,Before,0
433,Midnight City,0
434,Lonely Boy,6
435,Caffeinated Consciousness,6
436,Wild Window,6
437,Polish Girl,0
438,Calgary,0
439,Civilization,0
440,Headlines,1
441,Michael Jackson,0
442,Need You Now,7
443,Abducted,6
444,Gucci Gucci,6
445,Eyes Be Closed,0
446,Echoes,0
447,The Daily Mail,1
448,Civilization,0
449,Punch Drunk Love,1
450,Principles,7
451,Slow Peels,0
452,Dead Wrong,6
453,Do It Roger,3
454,Pharaohs (feat. Roses Gabor),1
455,No Fun,3
456,Computer Love,0
457,Dutchie Courage,6
458,Osaka Loop Line,1
459,White Horse,1
460,Abataka - Original Mix,2
461,Danger! High Voltage (Soulchild Radio Mix),1
462,Say Please,6
463,You Don't Love Me (No No No),1
464,The Yes Strut,6
465,86 Carrot Gold,6
466,Close to Me,5
467,How Do You See Me Now,0
468,See Me Now,1
469,Every Freakin' - DJ Ayres remix,6
470,Dance Our Way,6
471,Flashing Lights,6
472,The Daily Mail,1
473,Bizness,0
474,Long Heels Red Bottoms,1
475,I Wanna Be Your Dog,6
476,Jealousy,3
477,Embody,1
478,Love In Motion - feat. Mayer Hawthorne,6
479,Save the World,7
480,Myth,0
481,Ready 2 Go,0
482,We Are Young - The Popopopops Remix,1
483,Bop Gun (One Nation) - Radio Edit,0
484,La Funky,0
485,In My Mind (Axwell Remix),7
486,On'n'On - Ruined by Rick Rubin,1
487,Don't Die,0
488,Van Vogue,3
489,How Do You Do?,0
490,Night And Day,0
491,Don't Deny Your Heart,0
492,Focused - feat. Kid Cudi,1
493,Neptune,1
494,"Function - feat. YG, IAmSu & Problem",0
495,Didn't You,1
496,Search Party,6
497,Mi Swing es Tropical,1
498,Stock Exchange,3
499,Changes,3
500,Play This (Also),3
501,Obedear,1
502,Slow Down,0
503,I Don't Like,3
504,Sleeping Ute,0
505,Hands On the Wheel (feat. a$Ap Rocky),6
506,The Kids Were Wrong,0
507,Walk With Me,0
508,Her Fantasy,7
509,Der Kommissar,3
510,Slow Down,1
511,Genesis,0
512,About to Die,1
513,Best Night,3
514,Brothers,0
515,We Own The Sky,3
516,Chicken Half,1
517,Two Of Hearts,1
518,The Perfect Kiss,0
519,Can I Kick It?,0
520,Sure Thing,6
521,Kim & Jessie,3
522,Outro,0
523,We Are the People,0
524,Look At Where We Are,1
525,Don't Owe You a Thang,1
526,Money Trees,7
527,Hood Pass Intact feat. MC Eiht,0
528,Got No Money,5
529,Birthday Song,3
530,Oh,5
531,No Waves,5
532,Wake Bake Skate,5
533,No Ass,5
534,Black Out Stout,6
535,Plague,3
536,Kerosene,6
537,Wrath Of God,6
538,Pale Flesh,6
539,Past Lives,5
540,Pictures Of Matchstick Men,6
541,Get Up,7
542,Cloud Atlas End Title,7
543,Keep You,1
544,Anything New,0
545,Adorn,6
546,Louie Louie,3
547,Under Mi Sensi,6
548,Loner,7
549,Murderer,1
550,Space Cakes - Original,7
551,"There, There",3
552,Nightcall,0
553,Jacket & Tie,1
554,Doom And Gloom - Jeff Bhasker Mix,0
555,All Of Me,1
556,Females Welcomed (feat. Reija Lee),6
557,Blueberry (Pills & Cocaine) (feat. Danny Brown),0
558,Max Can't Surf,5
559,Wait for the Man,5
560,Inspector Norse,7
561,Love Sosa,0
562,This Time Around,7
563,See Blind Through,0
564,Vowels = space and time,0
565,Be A Body,0
566,Unchained (The Payback / Untouchable),6
567,Stomp - Dirty,6
568,Borrowed Time,5
569,Young N*****,6
570,All Gold Everything,6
571,What I Might Do - Club Mix,7
572,I Love It (feat. Charli XCX) - Original Version,5
573,Kenosha,5
574,Fineshrine,1
575,Flow,3
576,C'Est La Vie,0
577,Caramel,0
578,O.G,1
579,HLM 3,3
580,The Mighty Ming - Original Club Mix,7
581,Harlem Shake,6
582,Purp Walk,0
583,Do You Like It? (Feat. Kool A.D),1
584,Gucci On The Rise,5
585,Hate Bein' Sober,0
586,Traffic,1
587,Hold Me Back,0
588,Oldie,2
589,Started From the Bottom,6
590,Dum Dum,5
591,Higher - Extended,3
592,"Gone, Gone",1
593,Rock Creek Park,0
594,Leaving Babylon,0
595,Trap Shit V7,1
596,Good Life - Original 12'' Mix,7
597,Big Fun - Original 12'' Mix,7
598,Piss Test (feat. Juicy J & Dany Brown),1
599,Can't Seem To Make You Mine,1
600,Borderline,0
601,Elevate - Q45 Remix,7
602,With You (feat. Alexis Taylor),0
603,Can't Shake This Feeling,1
604,Check Me Out Like,5
605,Second Summer,3
606,Demon To Lean On,0
607,Walk In The Park,3
608,Reckless (With Your Love),3
609,Reckless (With Your Love) - Tensnake Remix,7
610,Never Be Your Woman (Shy FX Radio Edit) [feat. Emeli SandÃ©],5
611,(Bonus) Break Her Down,5
612,Molly Ringwald,5
613,8 Feet Tall,0
614,36 Chamber Flow,5
615,Trill Hoe,1
616,Saturday Love,0
617,Sweater Weather,1
618,Oh My - Club Mix,0
619,Saltkin,6
620,Lofticries,1
621,Get It In,5
622,My Bad - Club Mix,1
623,I'm Different,6
624,Get Lucky - Radio Edit,0
625,Had A Dream,6
626,Recover,1
627,Now Is Not the Time,1
628,MDA,1
629,Pop That,3
630,Young & Gettin' It - feat. Kirko Bangz,6
631,Best Wishes,1
632,Kids,1
633,Levitate,6
634,Get Free (feat. Amber of Dirty Projectors),3
635,Balance,0
636,The Lion - Original Mix,0
637,For Your Love - Club Edit,3
638,For Your Love - Olav Basoski Remix,3
639,Slippinâ€™,0
640,Take You On,1
641,One of Those Nights,0
642,Get Lucky - Daft Punk Remix,2
643,No Way Back,3
644,Ride The Rhythm,7
645,Move Your Body - Extended Mix,0
646,Rockin' In The Free World,0
647,Feels Like We Only Go Backwards,6
648,Half Full Glass of Wine,0
649,"Bubble Butt [Radio Mix] [feat. Bruno Mars, 2 Chainz, Tyga & Mystic]",6
650,Wop (Official Version),1
651,Donâ€™t Drop That Thun Thun,6
652,Give It Away,0
653,Wakin on a Pretty Day,2
654,Hulk (Dillon Francis Remix),1
655,Dill the Noise,3
656,Dead Sound,1
657,Rvtchet Bitch,6
658,Swing,1
659,You & Me - Baauer Remix,1
660,Next Order,0
661,It's You,6
662,m.A.A.d city,3
663,Bounce It,0
664,Pu$$y Magnet (feat. Keayshawn),5
665,Fashion Killa,1
666,I Wanna Be With You,0
667,Gas Pedal (feat. IamSu),6
668,Red Nose,6
669,"U.O.E.N.O. Remix (feat. Future, Wiz Khalifa)",0
670,VERSACE,0
671,Strictly 4 My Jeeps,6
672,The Giver - Original Mix,7
673,Lean & Bounce,3
674,Swishas and Dosha - Main Version - Clean,3
675,Players Anthem,6
676,"Hold On, We're Going Home",1
677,Living,6
678,Taylor Gang - Bonus Track,3
679,I'm A Martian,6
680,The Drop,1
681,Drippin,5
682,Heaven,3
683,I Need You,1
684,From Nowhere,6
685,I Follow Rivers,1
686,L'Amour Parfait,1
687,Northern Lights,1
688,Shabba,0
689,Work,6
690,Work REMIX,0
691,The Way We Are,0
692,"U.O.E.N.O. (feat. Rick Ross, Future)",0
693,Now You Do,6
694,Holding On - Jerome LOL Remix,3
695,Music Is the Answer - Original Extended 12-Inch Mix,4
696,Test Me - UZ Remix,1
697,Test Me,1
698,No New Friends - SFTB Remix,3
699,R.I.P.,6
700,Baby Blue,1
701,Dip,1
702,25 Bucks [feat. Purity Ring],1
703,Fascism,3
704,Marc Jacobs,0
705,One Of Us - Original Mix,7
706,Can We Go Up?,1
707,This Lonely Morning,5
708,Time Has Come Today,3
709,Sad Eyes,6
710,Wearing My Rolex - Radio Edit,6
711,Need U (100%) [feat. A*M*E] [Radio Edit],6
712,Stoned and Starving,3
713,Reflektor,7
714,Jack,6
715,Tennis Court,6
716,Primetime (feat. Miguel),0
717,"Hold On, We're Going Home",1
718,Hannah Hunt,1
719,Latch,0
720,Play by Play,3
721,I Blame Myself,1
722,Sunday,6
723,Step,0
724,You're Not Good Enough,0
725,Strandbar (disko),2
726,Open,1
727,Falling,0
728,White Noise,0
729,Bumpy Road,7
730,Shabba,0
731,Work REMIX,0
732,Dope,1
733,Here Comes The Night Time II,6
734,Warm In The Winter,7
735,Don't Let It Get to Your Head,7
736,We Fall Down,1
737,R U With Me,0
738,Blue Hawaii,1
739,Razor,1
740,Stay,1
741,The Sound Of San Francisco - Progressive Album Mix,1
742,Sunshine Of Your Love,0
743,Somebody to Love,6
744,San Francisco (Be Sure to Wear Flowers In Your Hair) - Single Version,6
745,White Rabbit,5
746,Pleasure Power (DJ Smash Disco Remix),3
747,Bound 2,1
748,Drunk in Love,3
749,Viol - Original Mix,3
750,Good Mistake,0
751,Runaway,0
752,Fall In Love,1
753,Youâ€™re Not The One,1
754,Sacrilege,1
755,Collard Greens,3
756,Hell Of A Night,0
757,1977,6
758,Latino & Proud,1
759,Move That Dope,3
760,Slasherr,1
761,Outlines,1
762,Platoon,6
763,Man Of The Year,1
764,Spacer Woman - Vocal,7
765,Nobody Else - Original Mix,7
766,Stoner,1
767,Elevate,3
768,Independent - House Remix,1
769,Au Seve,7
770,Synchronize,7
771,Don't Miss,0
772,Coucou disco,3
773,Vowel Play - Original,3
774,The Devil Is A Lie,3
775,North North,6
776,Temporary View,6
777,"III. Telegraph Ave. (""Oakland"" by Lloyd)",1
778,Accelerate,6
779,0 To 100 / The Catch Up,0
780,Hot N*gga,6
781,You'll Never Walk Alone - 2002 Remastered Version,5
782,Your Soul,3
783,dance yrself clean - live at madison square garden,2
784,Running Up That Hill (A Deal With God),3
785,High Ball Stepper,1
786,The Great Gig In The Sky - 2011 Remastered Version,0
787,All We Need (feat. Shy Girls),1
788,Catamaran,1
789,Fool,1
790,Bulbform,3
791,Passing Out Pieces,6
792,Tuesday,1
793,Drop Dead Baby,5
794,My Sunshine,5
795,BIG Fun - Full Intention 88 Remix,7
796,Natty Dread A Weh She Want,1
797,DLZ,1
798,Whatcha Gonna Do,0
799,18 With A Bullet,0
800,The Boss,6
801,Drifting In And Out,6
802,Made Me,6
803,Way to be Loved,0
804,Just Wanna Love You Girl,5
805,Be Brave,6
806,Tupelo (Pt. 1) - Single Version,6
807,Candyman,1
808,Somebody Was Watching,0
809,Tupelo - Part 1,6
810,Tupelo,3
811,"Damn Son, Where'd You Find This? - Future of TRAP Mix",1
812,I'm in LOVE With GO-GO Dancer (Disco Diva) - Future of TRAP Mix,0
813,Damn Son Where'd You Find This? (feat. Kelly Holiday) - Markus Maximus Remix,1
814,Work - The Advent & Spiriakos Remix,7
815,Mannish Boy,6
816,Holding On,3
817,"Mozart: Requiem in D Minor, K. 626: VIII. Lacrimosa",6
818,My Main,6
819,Southern Man - Live,4
820,Won't Look Back,6
821,Chrome Knight - Feat. Chromeo,1
822,Black Boy,6
823,Give Me The Sunshine,7
824,Motherless Child,3
825,Giudecca,0
826,Living Every Dream,3
827,Easy Rider,0
828,Nissim,0
829,Topless,6
830,Breakthrough,6
831,Stand Up - Tiger & Woods Remix,7
832,Blow a Bag,6
833,Ain't got nobody,3
834,I Want'a Do Something Freaky To You,3
835,I Got a Feeling,7
836,Standard,1
837,What I Might Do - Club Mix,7
838,Let's Lovedance Tonight - Danny Krivit Re-edit - Original Disco Version,7
839,Do You Love Me,6
840,Too Bad I Have To Destroy You Now,7
841,Louie Louie,6
842,Heart Full of Soul,5
843,For Your Love,5
844,Sunshine Of Your Love,0
845,Taifa - The Emperor Machine Mix,2
846,Taifa,2
847,Make It,7
848,Face It,7
849,Mary-Mary (M&M Unreleased Mix) [feat. Dajae],0
850,Supernature - Edit,0
851,I'll Be Good,3
852,Defected In The House Ibiza 2013 Mixtape,3
853,"A Day In The Life - feat. RZA, The Mars Volta & AG + Good Hygiene feat. Tim Meadows Amended CD Version",3
854,Episode I - Duel of The Fates,0
855,Three Cool Cats,5
856,Mercy,6
857,Do I Love You?,6
858,Night on Bald Mountain,4
859,Akue We Non Houme - Jerk Fon,0
860,Ecoute ma mÃ©lodie - Bossa Afro,7
861,Ole,0
862,Greetings,7
863,5thep,3
864,Cavern,3
865,Your Love,6
866,Sleepwalk,5
867,What I Might Do - Kilter Remix,3
868,Waiting Around For Grace,3
869,Nobodys Fool - Ben Pearce Remix,3
870,Smoke On The Water,3
871,Able to See Me,6
872,Oogum Boogum Song,6
873,The Gaudy Side of Town,7
874,The Walker,3
875,Ultimate Painting,1
876,Agorinha,1
877,I'm Glad,1
878,Apollo Throwdown (Star Slinger Remix),0
879,Boys Life,3
880,Dirt And Grime,1
881,Pedestrian at Best,1
882,Middle,1
883,Something About You - Extended Mix,3
884,Only You,6
885,The One,3
886,Way Down We Go,1
887,Deeper Than Love,7
888,Back Pocket,6
889,All I Wanna Do,5
890,Water,0
891,You,3
892,Voodoo Ray - Danny Tenaglia Remix,7
893,Jack,3
894,Jack,6
895,Mary Jane (Jamie Xx - Girl Remix),1
896,Chunky - Club Mix,3
897,One Who Lost,0
898,Delorean Dynamite,7
899,Do You Want a Man - Heaven & Hell Remix,5
900,Celebrando,6
901,No Eyes (Radio Edit),6
902,Fanfare,0
903,Dorothy,3
904,Long Cool Woman (In A Black Dress) - 1999 Remastered Version,6
905,Bang A Gong [Get It On] (Remastered Single/LP Version),0
906,Paris Groove (Original Mix),0
907,Nothing,3
908,Hey DJ,6
909,Tighten Up - Pt. 1,6
910,Ohye Atar Gyan,0
911,Heaven,7
912,I'm Walkin' - 2002 Digital Remaster,5
913,"Bizarre Love Triangle - Shep Pettibone 12"" Remix",7
914,Dreams Never End - 2015 Remastered Version,6
915,Plastic - Extended Mix,2
916,You Are the Right One,6
917,Let Me Try,6
918,Thinking of You,7
919,Just Say The Word,5
920,Obi Agye Me Dofo,2
921,I'm Going Down,1
922,Said So What,0
923,Carl Sagan,1
924,Muzik Xpress,2
925,A Hundred Ropes,1
926,No Woman,1
927,Episode I - Duel of The Fates,0
928,Giant,2
929,Hush,3
930,Desire,1
931,Shut Up Kiss Me,6
932,No Heart,1
933,We Want Some Pussy,5
934,We Out Here,5
935,By Design,0
936,Aloha,5
937,Bad and Boujee (feat. Lil Uzi Vert),3
938,The Winner Is - from Little Miss Sunshine,6
939,Virile,3
940,Let Me Tell U,7
941,Wonky Bassline Disco Banger,2
942,Remember,7
943,Anti Social Tendencies,7
944,What Time Is Love (Live at SSL mix),6
945,The Spirit Blossoms All Over the Land,5
946,On the Lips,5
947,Stripper,0
948,Operator (Ring Ring) ft. Dances With White Girls,0
949,Big Jet Plane - Animal Trainer Remix,7
950,Fight,2
951,Bambi,0
952,Raindrops,6
953,Truths & Rights,6
954,Smoke,3
955,You Are My Special Angel,6
956,Just A Little Lovin',5
957,Unchained Melody,1
958,Howl,1
959,For Free,6
960,Mystery Of Love,7
961,Hung Over,5
962,"Bold Soul Sister, Bold Soul Brother - USDEA0400901",6
963,Cane Shuga,6
964,Queen,1
965,Get Lucky,7
966,Bugatti,0
967,Versace,6
968,Black Skinhead,6
969,Type of Way,0
970,Recover,1
971,Bitter Rivals,6
972,Gonna Die,6
973,Angels,6
974,GOT IT GOOD,1
975,I Got U,0
976,Something About You - ODESZA Remix,3
977,Oblivion,0
978,Distant Heart,6
979,Finally Moving,0
980,Want My Love,0
981,Myth,0
982,Weary,6
983,Treat Me Like Fire,0
984,Something About You,1
985,Let It Happen - Soulwax Remix,2
986,Hood Pass Intact,3
987,Let's Dance (Single Version) [2002 Remastered Version],0
988,Ode To Viceroy,1
989,Five Seconds,0
990,No Sleep Till Brooklyn,0
991,F**kin' Problems,1
992,Swerve... the reeping of all that is worthwhile (Noir not withstanding),3
993,Never Saw The Point,6
994,212,6
995,Forgiven/Forgotten,5
996,All My Friends,7
997,Lay Up,6
998,Father Stretch My Hands Pt. 1,5
999,Big For Your Boots,1
1000,No Security,1
1001,Fam,6
1002,Mr Skeng,6
1003,Beauty and the Beast,6
1004,I Win,6
1005,Plottin,5
1006,M.E.N,1
1007,Cold,5
1008,Toothache,6
1009,Coward,6
1010,3 Wheel-ups (feat. Wiley & Giggs),0
1011,T On the Wing,6
1012,Bad Boys (feat. Ghetts and J Hus),0
1013,Thiago Silva,6
1014,And Dat (Ft. Stormzy),6
1015,6 In The Morning,6
1016,Skepta Interlude,5
1017,Man Don't Care,1
1018,Luke Cage,6
1019,Shutdown,6
1020,My Old Man,1
1021,Losing Sleep,6
1022,Sleep Without You,6
1023,Yeah Boy,6
1024,Craving You,1
1025,More Girls Like You,5
1026,Heart Break,6
1027,Cut Your Groove,0
1028,Black,1
1029,The Weekend,6
1030,Reasons,6
1031,Small Town Boy,6
1032,Yours If You Want It,1
1033,Roots,1
1034,Sunday Morning,6
1035,Hurricane,1
1036,Think A Little Less,6
1037,Speak to a Girl,1
1038,Man Enough Now,6
1039,If I Told You,1
1040,Happy People,6
1041,All On Me,1
1042,Somethin' I'm Good At,1
1043,I Could Use a Love Song,6
1044,Zac Brown Band - Hot Country,5
1045,Trying To Drive,0
1046,"God, Your Mama, And Me",6
1047,Real Thing,1
1048,They Don't Know,6
1049,Every Time I Hear That Song,1
1050,What Ifs,6
1051,For Her,1
1052,Act Like You Don't,1
1053,In Case You Didn't Know,1
1054,Two Black X's,6
1055,You Look Good,6
1056,Close,6
1057,Ain't Always Pretty,1
1058,Love in a Bar,6
1059,Family Table,1
1060,Any Ol' Barstool,6
1061,Dirt On My Boots,6
1062,Just a Phase,6
1063,Body Like A Back Road,6
1064,How Not To,6
1065,Tin Man,0
1066,Blue Tacoma,1
1067,May We All,1
1068,Last Time for Everything,1
1069,Getting Over You,6
1070,Flatliner (feat. Dierks Bentley),6
1071,Like You That Way,5
1072,Hometown Girl,1
1073,Star Of The Show,6
1074,Either Way,0
1075,No Such Thing as a Broken Heart,6
1076,Thereâ€™s A Girl,1
1077,The Fighter,6
1078,Despacito - Remix,1
1079,Felices los 4,1
1080,SUBEME LA RADIO,1
1081,Me RehÃºso,6
1082,El Amante,1
1083,EscÃ¡pate Conmigo,1
1084,Ahora Dice,0
1085,Chantaje,6
1086,Hey Ma (with Pitbull & J Balvin feat. Camila Cabello) - Spanish Version,6
1087,Sigo ExtraÃ±Ã¡ndote,6
1088,Otra Vez (feat. J Balvin),1
1089,La Rompe Corazones,6
1090,"Sola (Remix) [feat. Daddy Yankee, Wisin, Farruko, Zion & Lennox]",3
1091,Despacito (Featuring Daddy Yankee),1
1092,ReggaetÃ_n Lento (Bailemos),1
1093,Hey DJ,6
1094,Me Llamas (feat. Maluma) - Remix,1
1095,Me EnamorÃ©,1
1096,Tu Foto,6
1097,Vente Pa' Ca,0
1098,Safari,6
1099,Alguien Robo,1
1100,Vacaciones,1
1101,Te Quiero PaÂ´Mi,1
1102,Ay Mi Dios,0
1103,Traicionera,1
1104,Si TÃº La Ves,1
1105,Lumbra,6
1106,La Bicicleta,1
1107,Bailame,6
1108,Dile Que Tu Me Quieres,1
1109,Deja vu,6
1110,SÃ© Que Te Duele,1
1111,Borro Cassette,6
1112,DUELE EL CORAZON,6
1113,Andas En Mi Cabeza,0
1114,Chillax,6
1115,Hasta el Amanecer,6
1116,Bailame Despacio,1
1117,Shaky Shaky,1
1118,BesÃ¡ndote,6
1119,Ando buscando (feat. Piso 21),6
1120,Hula Hoop,1
1121,QuÃ© Gano OlvidÃ¡ndote - VersiÃ_n Urbana,0
1122,Ya Me EnterÃ© (feat. Nicky Jam) - Urban Version,1
1123,Mi Tesoro (feat. Nicky Jam),0
1124,TÃº SÃ_ Sabes Quererme,0
1125,Si Me Dices Que Si (feat. Nicky Jam),0
1126,Fuego,6
1127,Al Filo de Tu Amor,1
1128,Young And Menace,1
1129,"Sugar, We're Goin Down",1
1130,Centuries,1
1131,My Songs Know What You Did In The Dark (Light Em Up),6
1132,Immortals,6
1133,Uma Thurman,1
1134,"Dance, Dance",6
1135,"This Ain't A Scene, It's An Arms Race",1
1136,Bad Liar,1
1137,Despacito - Remix,1
1138,Thunder,6
1139,Attention,1
1140,There's Nothing Holdin' Me Back,6
1141,Quit (feat. Ariana Grande),0
1142,The Cure,1
1143,First Time,6
1144,No Vacancy,1
1145,Most Girls,6
1146,Malibu,1
1147,Stay (with Alessia Cara),1
1148,1-800-273-8255,0
1149,Pretty Girl - Cheat Codes X CADE Remix,6
1150,Now Or Never,1
1151,No Promises (feat. Demi Lovato),1
1152,Slow Hands,6
1153,Bad Bitch (feat. Ty Dolla $ign),6
1154,Good Life (with G-Eazy & Kehlani),1
1155,The Night We Met,6
1156,Rollin,0
1157,Obsession (feat. Jon Bellion),1
1158,Whippin (feat. Felix Snow),5
1159,Symphony,1
1160,Break Up Every Night,6
1161,Unforgettable,1
1162,HUMBLE.,6
1163,do re mi,1
1164,Swalla (feat. Nicki Minaj & Ty Dolla $ign),1
1165,Whatever It Takes,6
1166,Touch,1
1167,Selfish,0
1168,It Ainâ€™t Me (with Selena Gomez),1
1169,Mama,6
1170,The One,6
1171,Nights With You,6
1172,TG4M,6
1173,Mask Off,6
1174,Bon AppÃ©tit,1
1175,Sign of the Times,3
1176,At My Best (feat. Hailee Steinfeld),6
1177,Issues,6
1178,That's What I Like,6
1179,September Song,1
1180,Still Got Time,6
1181,Location,1
1182,Scared to Be Lonely,1
1183,Passionfruit,3
1184,Shape of You,1
1185,Wild Ones (feat. Sia),1
1186,Starships,1
1187,Lollipop,3
1188,Time of Our Lives,1
1189,Stereo Hearts (feat. Adam Levine),1
1190,Glad You Came,6
1191,Dynamite,6
1192,Clique,3
1193,Airplanes (feat. Hayley Williams of Paramore),6
1194,Trumpets,1
1195,Live Your Life - feat. Rihanna,3
1196,Like A G6,1
1197,Feel This Moment,1
1198,Timber,6
1199,Classic,6
1200,Titanium (feat. Sia),0
1201,E.T. - feat. Kanye West,1
1202,GDFR (feat. Sage The Gemini & Lookas),6
1203,"Young, Wild & Free (feat. Bruno Mars)",6
1204,The Monster,0
1205,TiK ToK,6
1206,Love You Like A Love Song,6
1207,Don't You Worry Child (Radio Edit) [feat. John Martin],1
1208,Sexy Bitch (feat. Akon) - Featuring Akon;explicit,6
1209,Somebody,6
1210,Maps,6
1211,Am I Wrong,0
1212,Umbrella,0
1213,Counting Stars,0
1214,Turn Down for What,1
1215,Get Lucky,7
1216,A Dustland Fairytale,1
1217,My House,6
1218,Best I Ever Had,0
1219,Stitches,6
1220,I Will Never Let You Down,6
1221,Do I Wanna Know?,0
1222,Cinema - Skrillex Remix,3
1223,Take Care,0
1224,Love Song,0
1225,Blurred Lines,0
1226,Swimming Pools (Drank) - Extended Version,3
1227,Beautiful Girls - Radio Disney Version,1
1228,Cool,6
1229,Canâ€™t Live Without,0
1230,Glimpse,1
1231,Broken Things,6
1232,Even If,0
1233,Home,1
1234,Nowhere,1
1235,Hills and Valleys (The Valleys Version),0
1236,Chain Breaker,6
1237,Clean,0
1238,I Will,0
1239,The Gospel,0
1240,Throne Room,0
1241,I Won't Let You Go - Radio Version,1
1242,Unfinished,1
1243,Old Church Choir,6
1244,Forgiven,1
1245,Love Wins,1
1246,I Have This Hope,6
1247,In Awe,1
1248,Oh My Soul,0
1249,You Redeem - Studio Version,1
1250,Amen,1
1251,Brand New Life,1
1252,Oceans (Where Feet May Fail) - Radio Version,0
1253,O God Forgive Us,6
1254,Death Was Arrested,3
1255,Back To God,1
1256,Say The Word,0
1257,On My Side,0
1258,Bloom,6
1259,Revival,1
1260,Hold It All,0
1261,Lifer,6
1262,Now,6
1263,Battles,1
1264,Prove Me Wrong,0
1265,Run the Race,6
1266,The Happy Song,6
1267,Find You Here,1
1268,Change The World (feat. Hollyn),6
1269,Rise,1
1270,Priceless,1
1271,Alive In You - Studio Version,1
1272,What A Beautiful Name,1
1273,Beloved,1
1274,There Is a Cloud,3
1275,Rise,1
1276,Fearless,6
1277,Tears,1
1278,To Live Is Christ,1
1279,Be The Change,1
1280,Parachute,6
1281,Where You Are (Reimagined),6
1282,The Cause Of Christ,3
1283,King Of The World,1
1284,Come Alive (Dry Bones),1
1285,Even So Come - Radio Version/Live,0
1286,"10,000 Reasons (Bless the Lord) [Radio Version]",0
1287,More Than Conquerors (Radio Version),1
1288,TESTIFY,1
1289,Great Are You Lord (Radio Mix),1
1290,Worthy Of Your Name - Studio,3
1291,My All In All,0
1292,Love Broke Thru,1
1293,Magnify,1
1294,The Cross Has The Final Word,0
1295,Eye of the Storm (feat. Gabe Real),3
1296,Black Colors,0
1297,A Darkened Gospel,3
1298,Soil the Stillborn,1
1299,No Absolution,6
1300,Hearteater,3
1301,Shapeless Abomination,1
1302,Dirty Waters,0
1303,Defiled,1
1304,Negative,0
1305,Distorting of Perception,6
1306,Ruin,0
1307,Fauxhammer,1
1308,Spiteful Nature,1
1309,We Wait,1
1310,Plague of Immortality (feat. Dean Lamb Of Archspire),1
1311,Arrogance,1
1312,Inferiority,0
1313,Senseless Order,3
1314,Advent,3
1315,Venomous,0
1316,Substance Affliction,6
1317,To Encompass and Eclipse,0
1318,Rope,6
1319,Permanent Intoxication,0
1320,Tremendous Strain,1
1321,Of Talons and Teeth,1
1322,Pitchblack,1
1323,Zerotonin 2,6
1324,False Hope,3
1325,1208,6
1326,Plagues,0
1327,Hear Me Out,5
1328,Down into the Abyss,0
1329,Dance of the Witch,0
1330,New World Slaughter,3
1331,FVNERAL MOON,3
1332,Beautiful Agony,0
1333,Ways Of Transfiguration,0
1334,Black Mammoth,0
1335,Solicitude,1
1336,The Call of Mighty,0
1337,Manufactured Existence,0
1338,Bastard Son,6
1339,The Shaping Sickness,0
1340,Drown Me in Blood,0
1341,Inferno,1
1342,Debris,6
1343,"I, the Weak",0
1344,American Dream,6
1345,Temptress,0
1346,Flag of the Beast,6
1347,Unanswered,5
1348,Be My Valentine (feat. Dickie Allen),6
1349,Prismatic Abyss,1
1350,Right In,6
1351,Bangarang (feat. Sirah),1
1352,Breakn' A Sweat,3
1353,The Devil's Den,3
1354,Right On Time,0
1355,Kyoto (feat. Sirah),6
1356,Skrillex Orchestral Suite By Varien - Bonus Track,7
1357,Satellite,1
1358,Nosedive,1
1359,PIZZA,1
1360,ìù´ëŒ€ë¡œ ì_ˆì–´ì_˜ì_” Stay With Me,6
1361,Stardust,0
1362,Burning youth,5
1363,Wi Ing Wi Ing,6
1364,Wonder,1
1365,I'll Pick You Up,1
1366,VAMOS,6
1367,MWAH,6
1368,Loop,1
1369,With Me,6
1370,Monster,0
1371,What 2 Do,1
1372,For Me,1
1373,Fallen in Love (Only With You),6
1374,Talk,1
1375,Black Out,1
1376,Sleeping Habits,6
1377,Romance in Seoul,1
1378,Hot and Cold (feat. Yun Cheoljong of 10cm),6
1379,Ki-dult,6
1380,"ì§€ê¸ˆ ì—¬ê¸°, ìù´ê__ì—êì„œ (Duet With ë£¨ì‹œì•„) , ì§€ê¸ˆ ì—¬ê¸°, ìù´ê__ì—êì„œ",0
1381,ë„ˆì™€ìù˜ ê_µì‹ù Love Equation,1
1382,I Don't Love You,0
1383,My eyes,5
1384,Zig Zag,5
1385,Cake Love (PROD. BY The Black Skirts),0
1386,HOW WAS YOUR DAY,1
1387,ë_€ëª… Shame,7
1388,You Wouldn't Even Know,3
1389,ì_¥ê°€ê°ˆ ìˆ˜ ì_ˆìù„ê_Œ Can I Get Married?,1
1390,Sneakers,1
1391,Dangerous,1
1392,Night Time Melody,1
1393,Reason Why We Have To Break Up,6
1394,"Love, Love.",1
1395,I Don't Want,1
1396,All in Vain,1
1397,ê·€ê°€ Return Home,3
1398,ë¬_ Water,3
1399,Summer Night You and I,6
1400,Let You Go,0
1401,Sooni (I'm your fanatic girl),0
1402,Run,6
1403,Petals on The Wind (Remake Version),6
1404,Morning Call - Remix Version,1
1405,Rub off,6
1406,Don't You Cry For Me,0
1407,Waves - Acoustic,0
1408,Runner,5
1409,No Role Modelz,3
1410,Wet Dreamz,1
1411,Neighbors,1
1412,Deja Vu,0
1413,G.O.M.D.,3
1414,Litty (feat. Tory Lanez),0
1415,All Eyes On You (feat. Chris Brown & Nicki Minaj),1
1416,Froze (feat. Lil Uzi Vert & Nicki Minaj),1
1417,Ima Boss - feat. Rick Ross,0
1418,Apple of My Eye,3
1419,Santorini Greece,3
1420,Idols Become Rivals,3
1421,Trap Trap Trap,0
1422,Dead Presidents,0
1423,She On My Dick,1
1424,I Think She Like Me,1
1425,Powers That Be,0
1426,Game Ain't Based On Sympathy,1
1427,Humble,5
1428,My Friend,6
1429,White Label (Is This Love),6
1430,Home,1
1431,Front to Back,0
1432,Best Thing About,3
1433,Flashwind - Radio Edit,6
1434,Fuego,6
1435,Rose Horizon,6
1436,dance alot,5
1437,Save You,6
1438,I Want You,0
1439,Polaris,2
1440,Midnight Sun,6
1441,One Life Short,6
1442,On Our Own (feat. Natalie Major),1
1443,The Wall,0
1444,All I Know,5
1445,Freesol (feat. Skyler Stonestreet),1
1446,Mantra - Mat Zo Remix,0
1447,Good Life,6
1448,Twinbow,6
1449,Limitless (feat. Sophie Rose),1
1450,Move On Me,6
1451,Wildcard,6
1452,Find You,6
1453,Legacy,6
1454,Show You Love,6
1455,Make U Love Me,6
1456,Bassline Riddim,6
1457,Light - GOSLO Remix,3
1458,Walk Away,6
1459,Touch The Sky,5
1460,"Afraid, Unafraid",6
1461,Make You Mine,6
1462,Riot Call (feat. Nevve),6
1463,Modern Flame (feat. Yuna),6
1464,Right Here,6
1465,Chicken Soup,6
1466,No Sleep,1
1467,Help,6
1468,Waist Time,6
1469,Scared To Be Lonely (Brooks Remix),6
1470,Fuck It All Up (feat. JVZEL),1
1471,After All,6
1472,Something Just Like This - Don Diablo Remix,1
1473,The Jam,6
1474,Get What You Give,1
1475,Joyride,1
1476,Open,1
1477,I'm the One,0
1478,There's Nothing Holdin' Me Back - NOTD Remix,6
1479,Bon AppÃ©tit - MUNA Remix,6
1480,Hard Times,6
1481,Kiwi,6
1482,Issues - Alan Walker Remix,6
1483,Young,1
1484,That's What I Like - Alan Walker Remix,6
1485,No More Sad Songs (feat. Machine Gun Kelly),1
1486,Carolina,6
1487,High Without Your Love,6
1488,Feel Good,0
1489,1-800-273-8255,0
1490,Middle Of The Night,6
1491,Tuesday (feat. Danelle Sandoval),1
1492,Hunter,6
1493,XO TOUR Llif3,6
1494,Kissing Strangers,6
1495,Ciao Adios,6
1496,Overwhelming,6
1497,Go For Broke (feat. James Arthur),1
1498,Human,6
1499,Eyes Closed,6
1500,History,6
1501,Calm Down,6
1502,Be There,6
1503,Swish Swish,1
1504,Confident,6
1505,Cool for the Summer,1
1506,Old Ways,6
1507,For You,1
1508,Stone Cold,6
1509,Kingdom Come,1
1510,Waitin for You,6
1511,Wildfire,6
1512,I'll Let You Know,7
1513,I'll Wait And Pray,6
1514,The Shadow of Your Smile,7
1515,"Vid FrÃ¶sÃ¶ kyrka (At FrÃ¶sÃ¶ Church) - From FrÃ¶sÃ¶blomster (FrÃ¶sÃ¶ Flowers) (arr. J. Ekberg, P.V. Johansson and L. Simonsson)",3
1516,Jackie Gets Out,6
1517,Romance / Hommage Ã  Milhaud,0
1518,Leave Me Here,1
1519,Where We Used To Live,0
1520,Mommy's Shawl,3
1521,For Wee Folks,7
1522,All I See is Us,0
1523,Goodbye Pork Pie Hat,3
1524,Ballad for MC,6
1525,Soul in Twilight,3
1526,So Lovely,3
1527,The Sweetest Nighlife,6
1528,I Got It Bad,7
1529,Gramercy Sunset,0
1530,I'm a Fool to Want You,5
1531,"I Was So Young, and You Were So Beautiful",1
1532,Journey Into Melody - 2007 Digital Remaster,3
1533,I'm Glad There Is You,7
1534,Blue Ballad,7
1535,The Nearness of You,4
1536,It Never Entered my Mind,7
1537,Blue in Green,3
1538,Where or When,6
1539,Count Your Blessings,2
1540,Good Morning Heartache,3
1541,Two Sleepy People,7
1542,Can't Help Loving,1
1543,The Nearness Of You,7
1544,When Sunny Gets Blue,0
1545,Blue and Sentimental,7
1546,Almas vaggvisa,1
1547,Before It's Time To Say Goodbye,3
1548,Autumn Nocturne,3
1549,Eleanor,0
1550,Angel Eyes,3
1551,Good Morning.Goodbye,3
1552,Doubts 2,3
1553,The Last Goodbye,3
1554,Where Do You Start,0
1555,The Man I Love,3
1556,Gary's Theme - Remastered,0
1557,Trust,3
1558,The Folks Who Live on the Hill,1
1559,All The Way,3
1560,Emperor Jones - Instrumental,3
1561,Isadora,7
1562,I Remember Clifford,7
1563,Sous le Ciel de Paris,0
1564,You Go To My Head,0
1565,Gloomy Sunday,4
1566,I Didn't Know About You,1
1567,I Have Dreamed,2
1568,Fools Rush In,5
1569,Dreamsville,7
1570,Old Folks,7
1571,I Got It Bad And That Ain't Good,3
1572,My Romance,0
1573,The Peacocks,2
1574,A Nightingale Sang In Berkeley Square,7
1575,A Hundred Dreams from Now,6
1576,My Little Brown Book,3
1577,Moving On and Getting Over,0
1578,Safe,6
1579,Second Nature,0
1580,The Best Crew,1
1581,Hideout,0
1582,No Le Digas Que Hacer,1
1583,Peas Pudding Hot,5
1584,Biscuits in the Oven,5
1585,Jelly Beans,5
1586,My Favorite Snack,5
1587,Curse of the Spinach,5
1588,Mosquito Burrito,5
1589,C'mon Let's Make A Pizza,6
1590,Jelly On A Plate,5
1591,Little Green Apple,5
1592,Always Chew Your Food,5
1593,"Icy, Creamy Ice Cream",5
1594,"Lyric Pieces, Book I Op. 12: I. Arietta",5
1595,"String Quartet No. 4 in C Major, D. 46: II. Andante con moto",3
1596,"8 FantasiestÃ_cke, Op.12 : 1. Des Abends",1
1597,"String Quartet No. 5 in C Major, Op. 29, ""Serenade"": II. Ballata: Allegretto scherzando",7
1598,"Piano Quartet in E flat, Op.47: 3. Andante cantabile",7
1599,"Piano Sonata No. 18 in G Major, Op. 78, D. 894: IV. Allegretto",2
1600,"Trio Sonata in G Major, Wq. 144: I. Adagio",0
1601,"Trio No. 2 en Mi Mineur, Op. 92: III. Andante con moto",0
1602,"String Quintet in C Major, Op. 29: II. Adagio molto espressivo",2
1603,Viola Sonata in C Minor: III. Andante con variazioni,4
1604,Magic City,6
1605,Livin' 4 Ya,6
1606,Last Chance,0
1607,Nite Time - Ruby & Tony Radio Edit,1
1608,Satellites,6
1609,Can't Take It,6
1610,All Aloud,6
1611,Close,6
1612,Cascade - Original Mix,7
1613,Waiting,6
1614,Everytime We Touch,1
1615,Milky Way,6
1616,You,1
1617,La Tromba Risin' (feat. Tasita D'Mour),7
1618,Crash 2.0 (Adventure Club vs. DallasK),0
1619,Raven,6
1620,Icarus - Black Caviar Remix,6
1621,Wasted Love (feat. Dougy),1
1622,Summer,1
1623,Catch Me (feat. Naaz),5
1624,Save the World - Radio Mix,1
1625,"Wild One Two - feat. David Guetta, Nicky Romero & Sia",3
1626,Fire In Your New Shoes (feat. Martina of Dragonette) - Sultan & Ned Shepard Electric Daisy Remix,3
1627,Calling (Lose My Mind) - Radio Edit,6
1628,Language,7
1629,Strobe - Radio Edit,1
1630,Seek Bromance (Avicii Vocal Edit) - Avicii Vocal Edit,6
1631,Poison,0
1632,Take Over Control - Radio Edit,1
1633,Teenage Crime - Axwell & Henrik B Remode,3
1634,Light It Up (feat. Nyla & Fuse ODG) [Remix],6
1635,Turn Me Up - ViP Mix,0
1636,Together,1
1637,Whatcha Need,5
1638,Levels - Radio Edit,6
1639,Faded,1
1640,Move for Me,1
1641,Turn up the Speakers - Radio Edit,6
1642,Counting Down The Days - Yotto Edit,3
1643,Summer Dreams,6
1644,Changes - Dirty South Remix,7
1645,Heroes (we could be),1
1646,Everything,6
1647,Lean On (feat. MÃ˜ & DJ Snake),6
1648,Starlight - Radio Mix,6
1649,City Of Dreams - Radio Edit,1
1650,Chords Of Life - Original Mix,3
1651,Blackout - Madison Mars Radio Mix,1
1652,Freak,0
1653,Skyscrapers,7
1654,Chemicals - Radio Edit,1
1655,Run Wild - Alternative Edit Mix Cut,1
1656,Blackout,1
1657,Rock The House - Radio Edit,1
1658,Sweet Memories,5
1659,Borrowed Lives (feat. NVDES),3
1660,Concrete Angel (Radio Edit) (feat. Christina Novelli),1
1661,Yebisah,6
1662,Otherside,6
1663,Falling Back - Radio Edit,1
1664,Fireflies,1
1665,Good Time,6
1666,When Can I See You Again?,1
1667,Verge,1
1668,Vanilla Twilight,1
1669,You Make Me Wanna...,1
1670,Can't You See,0
1671,Lost Without U,0
1672,'Till I Collapse,3
1673,$ave Dat Money (feat. Fetty Wap & Rich Homie Quan),3
1674,Calm Down,5
1675,Remember The Name (feat. Styles Of Beyond),1
1676,Mind Tricks,1
1677,Help,1
1678,Follow You,1
1679,Snow Cats,6
1680,Paranoia,6
1681,Hated,1
1682,Shock Me,0
1683,The Devil's Bleeding Crown,1
1684,Go Down in History,1
1685,Serpents,6
1686,Black Honey,1
1687,Chop Suey!,1
1688,Something To Believe In,1
1689,She Hates Me,1
1690,Don't Threaten Me With A Good Time,1
1691,Sex on Fire,6
1692,Cold,1
1693,It Ain't Me (with Selena Gomez),1
1694,Bring Me the Night,1
1695,Crush,1
1696,Song 2 You,1
1697,L.A. Boyz,6
1698,Faster than Boyz,6
1699,Bad Boys,6
1700,"Too Little, Too Late",1
1701,Fast Car (feat. Kina Grannis),3
1702,In Your Arms,6
1703,Valentine,5
1704,The One You Say Goodnight To,5
1705,Gone,0
1706,Strong Enough,6
1707,Without Me,1
1708,L.A. Story,6
1709,Something About the Sunshine,6
1710,Like Nobody's Around,6
1711,Amazing,6
1712,Boyfriend,6
1713,Worldwide,1
1714,Big Time Rush,6
1715,Popular Song,6
1716,All About Tonight - featuring Cymphonique Miller,6
1717,Count On You,1
1718,I Know You Know,6
1719,Bring It All to Me,1
1720,Too Close,0
1721,I'm So Into You,0
1722,Don't Let Go (Love),3
1723,Candy Rain,0
1724,Wifey,1
1725,On Bended Knee,3
1726,Get It On Tonite,0
1727,End Of The Road,3
1728,I'll Make Love To You,1
1729,Water Runs Dry,6
1730,A Song For Mama,3
1731,Together Again,3
1732,Someone To Call My Lover,0
1733,Escapade,0
1734,Bye Bye Bye,6
1735,This I Promise You - Radio Edit,0
1736,It's Gonna Be Me,6
1737,God Must Have Spent a Little More Time on You - Remix,1
1738,I Want You Back - Radio Edit,6
1739,Pop - Radio Version,6
1740,Tearin' up My Heart - Radio Edit,1
1741,As Long as You Love Me,1
1742,Quit Playing Games (With My Heart),1
1743,I'll Never Break Your Heart,0
1744,All I Have to Give,0
1745,The Call,6
1746,I Want It That Way,1
1747,Show Me the Meaning of Being Lonely,1
1748,Shape of My Heart,1
1749,I'll Be Missing You (feat. 112),3
1750,I Need A Girl (Part One) (feat. Usher & Loon),0
1751,Where the Party At,1
1752,I Wanna Know,3
1753,Stay,1
1754,So Sick,6
1755,When You're Mad,1
1756,Sexy Love,1
1757,All My Life,3
1758,Take Me There - Remix,0
1759,MMMBop,0
1760,Case Of The Ex (Whatcha Gonna Do),1
1761,My Love Is Like...Wo - Main Mix/Album Version,1
1762,Angel of Mine - Radio Mix,0
1763,For You I Will,3
1764,Two Wrongs,1
1765,Take Me As I Am,0
1766,Sweetest Girl (Dollar Bill),1
1767,Slow Jam,0
1768,Ironic - 2015 Remastered,1
1769,U Got It Bad,0
1770,My Boo,1
1771,Don't Love You No More (I'm Sorry),1
1772,Let Me Love You,0
1773,Just a Friend 2002 - Radio Edit,1
1774,Say My Name,0
1775,"Jumpin', Jumpin'",1
1776,"Independent Women, Pt. I",1
1777,"Bills, Bills, Bills",0
1778,No More (Baby I'ma Do Right),0
1779,Summer Is Over feat. Sara Bareilles,3
1780,Beautiful Disaster,0
1781,Human,0
1782,So Close,1
1783,In Love With a Girl,6
1784,Simple Love Song,1
1785,Honeymoon Avenue,3
1786,Tattooed Heart,6
1787,Almost Is Never Enough,3
1788,Perfect Harmony,5
1789,Pyramid (feat. Iyaz),1
1790,Best Friend,1
1791,Over And Over Again,0
1792,Put Your Arms Around Me,1
1793,Try Everything,6
1794,Starving,6
1795,I Dare You,6
1796,Force of Nature,1
1797,Perfect Picture,6
1798,Tangled Up In Me,6
1799,Why Can't I?,1
1800,God Is a DJ,1
1801,Save My Soul,1
1802,Mad Love.,0
1803,Secret Love,1
1804,Dear No One,6
1805,First Heartbreak,6
1806,Video,0
1807,"Beauty and the Beast - From ""Beauty and the Beast""",1
1808,I2I,1
1809,Confetti Falling,1
1810,You Gotta Be,0
1811,Can't Blame a Girl for Trying,6
1812,Eyes Wide Open,6
1813,"Wildside - From ""Adventures in Babysitting""",6
1814,Can I Have This Dance,1
1815,Hold On,0
1816,Be My Baby,6
1817,Photograph (feat. Bea Miller),0
1818,Closer (feat. Sarah Hyland),0
1819,"Flashlight (Sweet Life Mix) - From ""Pitch Perfect 2"" Soundtrack",6
1820,From This Moment On,3
1821,You're Still The One,1
1822,Everywhere,1
1823,Just The Girl,1
1824,Pieces Of Me,1
1825,She Looks So Perfect,6
1826,She's Kinda Hot,1
1827,Billie Jean,3
1828,Beat It - Single Version,0
1829,Black or White - Single Version,6
1830,The Way You Make Me Feel,3
1831,Man In The Mirror,3
1832,P.Y.T. (Pretty Young Thing),1
1833,Ultimate,6
1834,If I Were a Boy,0
1835,With You,0
1836,Forever,0
1837,A Thousand Years,0
1838,Gave Me Something,6
1839,Hold My Hand,1
1840,"When Will My Life Begin - From ""Tangled""/Soundtrack Version",5
1841,"I See the Light - From ""Tangled""/Soundtrack Version",1
1842,Torn,0
1843,Ain't Nobody,0
1844,Dreams,0
1845,I Knew I Loved You,0
1846,Un-Break My Heart,0
1847,Breathe Again,0
1848,You're Makin' Me High,0
1849,My Little Secret,0
1850,One Of Those Love Songs,0
1851,Softest Place On Earth,0
1852,The Arms of the One Who Loves You,0
1853,He Wasn't Man Enough,0
1854,Secret Love Song,0
1855,I Can't Fall in Love Without You,6
1856,Lost Boy,0
1857,Yesterday,6
1858,Honest,6
1859,When Will I Learn,6
1860,Lady Brain,6
1861,Cleopatra,6
1862,Heavy,0
1863,Celeste,6
1864,Don't Say,6
1865,Like Home,6
1866,I Know,6
1867,Adventurers,5
1868,Back to You,6
1869,Memorial Day,1
1870,Fire,6
1871,I Keep Ticking On,5
1872,Automatic,1
1873,Ohio - filous Remix,0
1874,I Took A Pill In Ibiza - Seeb Remix,6
1875,Bath Salts,5
1876,"Nocturne No.1 In B Flat Minor, Op.9 No.1",3
1877,Semi-Charmed Life,0
1878,Mr. Jones,0
1879,Two Princes,0
1880,Save Tonight,1
1881,Hey Jealousy,1
1882,Good,6
1883,If You Could Only See,0
1884,You Get What You Give,3
1885,Why I'm Here,1
1886,Lump,5
1887,Someday - Remastered,1
1888,All I Want,6
1889,Push,1
1890,What's Up?,3
1891,Absolutely (Story of a Girl) - Radio Mix,6
1892,Roll To Me,5
1893,Hey Leonardo (She Likes Me For Me),1
1894,Inside Out,1
1895,Blister in the Sun - 2002 Remastered Version,5
1896,Cannonball,1
1897,Iris,0
1898,Into Your Arms,6
1899,Mmm Mmm Mmm Mmm,1
1900,Hollaback Girl,6
1901,SexyBack,1
1902,I Gotta Feeling,0
1903,...Baby One More Time,1
1904,Genie In A Bottle (Album Version),1
1905,Fantasy,1
1906,No Scrubs,1
1907,Drive,1
1908,My Own Worst Enemy,6
1909,Wannabe - Radio Edit,6
1910,Tearin' up My Heart - Radio Edit,1
1911,I Try,1
1912,Ironic,1
1913,Learn to Fly,1
1914,Smooth,3
1915,I Want It That Way,1
1916,Truly Madly Deeply,0
1917,(You Drive Me) Crazy,6
1918,Pretty Fly (For a White Guy),6
1919,Everybody (Backstreet's Back) - Radio Edit,1
1920,Remember the Time,1
1921,Meet Virginia,1
1922,Last Kiss,6
1923,Jump,6
1924,"Girls, Girls, Girls",0
1925,Don't Stop Me Now - Remastered 2011,1
1926,Coming Around Again,1
1927,Hips Don't Lie,1
1928,Don't Cha,0
1929,Every time we touch,6
1930,Where Is The Love?,0
1931,Don't Stop The Music,0
1932,Survivor,0
1933,Last Friday Night (T.G.I.F.),1
1934,"Whenever, Wherever",6
1935,Poker Face,1
1936,Complicated,0
1937,Das Lied Der Schluempfe,1
1938,Because We Want To,1
1939,Cheeky Song (Touch My Bum),6
1940,Agadoo - original,6
1941,Achy Breaky Heart,6
1942,Jenny from the Block - Track Masters Remix,6
1943,Look At Me,0
1944,(Everything I Do) I Do It For You,7
1945,Against All Odds (Take a Look at Me Now),6
1946,Anyone Can Fall In Love,1
1947,There's No One Quite Like Grandma - 2003 Remastered Version,6
1948,Earth Song - Remastered Version,7
1949,The Lady In Red,0
1950,"My Heart Will Go On (Love Theme from ""Titanic"")",0
1951,Can I Touch You...There?,3
1952,Lucky,6
1953,Believe,1
1954,Macarena,0
1955,Boys,1
1956,Shaddap You Face,6
1957,Ice Ice Baby,0
1958,Touch Me (I Want Your Body),1
1959,Grandad,6
1960,Puppy Love,6
1961,Girl You Know It's True,6
1962,Mysterious Girl,1
1963,Every Loser Wins,6
1964,MMMBop,0
1965,I'd Do Anything For Love (But I Won't Do That),3
1966,"To Roz Bikini (Itsy, Bitsy, Teenie, Weenie)",5
1967,Hoochie Mama,6
1968,Rockstar,0
1969,Miracles,3
1970,Fuck You Bitch,6
1971,Fog On the Tyne,6
1972,Cha Cha Slide,1
1973,How You Remind Me - LP Mix,1
1974,Burn It To The Ground,1
1975,If Today Was Your Last Day,0
1976,When We Stand Together,6
1977,Fuck Kd,5
1978,Now I Do What I Want,6
1979,300 Violin Orchestra,6
1980,Shape of You (Major Lazer Remix) [feat. Nyla & Kranium],6
1981,Party Monster,0
1982,U got 2 believe,1
1983,Sah,1
1984,Oh Devil,1
1985,Shut Up and Dance,6
1986,Anna Sun,3
1987,Work This Body,6
1988,Tightrope,1
1989,Different Colors,1
1990,Avalanche,1
1991,Jenny,0
1992,Portugal,1
1993,Quesadilla,6
1994,Aquaman,1
1995,Paris - Pegboard Nerds Remix,6
1996,Quit You - Wuki Remix,0
1997,Don't Let Me Down - Zomboy Remix,0
1998,Faded - Slushii Remix,1
1999,Can't Get Enough - Pegboard Nerds Remix,0
2000,Light - Loosid Remix,1
2001,Something Just Like This - ARMNHMR Remix,1
2002,Without U,1
2003,Hold Up,6
2004,Phone Down - Dodge & Fuski Remix,6
2005,Spoon Me - Slushii Remix,1
2006,Scared To Be Lonely (Conro Remix),6
2007,Let It Go - Scott Melker & Mister Gray Remix,3
2008,"Call On Me - EDWYNN X TIKAL, Spirix Remix",5
2009,Aamon,1
2010,Hey Baby - Steve Aoki Remix,6
2011,Brightside - Borgeous Remix,0
2012,Like A Bitch - Kill The Noise Remix,0
2013,Candy,6
2014,Habit - Dack Janiels & Wenzday Remix,6
2015,First Contact,6
2016,I Wanna Get Better,6
